method,snr_db,snr_gain_db,rmse,rrmse
noisy_input,0.0,0.0,185.73577194466156,1.0
wavelet_only,2.3250687855381478,2.3250687855381478,142.11571874889705,0.7651499614798988
hybrid,3.3987972778188946,3.3987972778188946,125.5901824143367,0.6761765980747922
