method,snr_db,snr_gain_db,rmse,rrmse
noisy_input,0.0,0.0,185.73577194466156,1.0
wavelet_only,2.3250687855381478,2.3250687855381478,142.11571874889705,0.7651499614798988
hybrid,4.266039582858399,4.266039582858399,113.65631627535603,0.6119247524877383
