epoch,train_loss,validation_loss
1.0,0.8202603058103343,0.5660377726142789
2.0,0.38933803860741845,0.2610223326418135
3.0,0.24957585029578078,0.2371875899809378
4.0,0.2348217628452632,0.24271132394119546
5.0,0.22745350695265196,0.22171994815638035
